<?xml version="1.0" encoding="UTF-8"?>
<filters>
  <messages>
    <ACTIVATE_MESSAGE enabled="1" foreground_color="#585858" background_color="#ffffff"/>
    <DEACTIVATE_MESSAGE enabled="1" foreground_color="#585858" background_color="#ffffff"/>
    <DEBUG_LOG enabled="0" foreground_color="#585858" background_color="#ffffff"/>
    <ERROR_LOG enabled="1" foreground_color="#000000" background_color="#ff8080"/>
    <GENERIC_LOG enabled="1" foreground_color="#246b24" background_color="#ffffff"/>
    <GTPV1U_CREATE_TUNNEL_REQ enabled="1" foreground_color="#585858" background_color="#ffffff"/>
    <GTPV1U_CREATE_TUNNEL_RESP enabled="1" foreground_color="#585858" background_color="#ffffff"/>
    <GTPV1U_DELETE_TUNNEL_REQ enabled="1" foreground_color="#585858" background_color="#ffffff"/>
    <GTPV1U_DELETE_TUNNEL_RESP enabled="1" foreground_color="#585858" background_color="#ffffff"/>
    <GTPV1U_TUNNEL_DATA_IND enabled="1" foreground_color="#585858" background_color="#ffffff"/>
    <GTPV1U_TUNNEL_DATA_REQ enabled="1" foreground_color="#585858" background_color="#ffffff"/>
    <GTPV1U_UPDATE_TUNNEL_REQ enabled="1" foreground_color="#585858" background_color="#ffffff"/>
    <GTPV1U_UPDATE_TUNNEL_RESP enabled="1" foreground_color="#585858" background_color="#ffffff"/>
    <INFO_LOG enabled="0" foreground_color="#585858" background_color="#ffffff"/>
    <INITIALIZE_MESSAGE enabled="1" foreground_color="#585858" background_color="#ffffff"/>
    <MESSAGE_TEST enabled="0" foreground_color="#585858" background_color="#ffffff"/>
    <MME_APP_CONNECTION_ESTABLISHMENT_IND enabled="1" foreground_color="#90ff40" background_color="#805000"/>
    <MME_APP_INITIAL_CONTEXT_SETUP_RSP enabled="1" foreground_color="#90ff40" background_color="#805000"/>
    <NAS_AUTHENTICATION_PARAM_FAIL enabled="1" foreground_color="#585858" background_color="#ffffff"/>
    <NAS_AUTHENTICATION_PARAM_REQ enabled="1" foreground_color="#585858" background_color="#ffffff"/>
    <NAS_AUTHENTICATION_PARAM_RSP enabled="1" foreground_color="#585858" background_color="#ffffff"/>
    <NAS_BEARER_PARAM enabled="1" foreground_color="#585858" background_color="#ffffff"/>
    <NAS_CONNECTION_ESTABLISHMENT_CNF enabled="1" foreground_color="#585858" background_color="#ffffff"/>
    <NAS_CONNECTION_ESTABLISHMENT_IND enabled="1" foreground_color="#585858" background_color="#ffffff"/>
    <NAS_CONNECTION_RELEASE_IND enabled="1" foreground_color="#585858" background_color="#ffffff"/>
    <NAS_CONN_ESTABLI_REQ enabled="1" foreground_color="#585858" background_color="#ffffff"/>
    <NAS_DL_EMM_PLAIN_MSG enabled="1" foreground_color="#90ff40" background_color="#805000"/>
    <NAS_DL_EMM_PROTECTED_MSG enabled="1" foreground_color="#90ff40" background_color="#805000"/>
    <NAS_DL_EMM_RAW_MSG enabled="1" foreground_color="#90ff40" background_color="#805000"/>
    <NAS_DL_ESM_PLAIN_MSG enabled="1" foreground_color="#90ff40" background_color="#906010"/>
    <NAS_DL_ESM_PROTECTED_MSG enabled="1" foreground_color="#90ff40" background_color="#906010"/>
    <NAS_DL_ESM_RAW_MSG enabled="1" foreground_color="#90ff40" background_color="#906010"/>
    <NAS_DOWNLINK_DATA_CNF enabled="1" foreground_color="#585858" background_color="#ffffff"/>
    <NAS_DOWNLINK_DATA_REJ enabled="1" foreground_color="#585858" background_color="#ffffff"/>
    <NAS_DOWNLINK_DATA_REQ enabled="1" foreground_color="#585858" background_color="#ffffff"/>
    <NAS_NON_DELIVERY_IND enabled="1" foreground_color="#585858" background_color="#ffffff"/>
    <NAS_PAGING_IND enabled="1" foreground_color="#e0e0e0" background_color="#2d315c"/>
    <NAS_PDN_CONNECTIVITY_REQ enabled="1" foreground_color="#e0e0e0" background_color="#2d315c"/>
    <NAS_RAB_ESTABLI_RSP enabled="1" foreground_color="#585858" background_color="#ffffff"/>
    <NAS_RAB_ESTABLISHMENT_REQ enabled="1" foreground_color="#585858" background_color="#ffffff"/>
    <NAS_RAB_ESTABLISHMENT_RESP enabled="1" foreground_color="#585858" background_color="#ffffff"/>
    <NAS_RAB_RELEASE_REQ enabled="1" foreground_color="#585858" background_color="#ffffff"/>
    <NAS_UL_EMM_PLAIN_MSG enabled="1" foreground_color="#ff8080" background_color="#805000"/>
    <NAS_UL_EMM_PROTECTED_MSG enabled="1" foreground_color="#ff8080" background_color="#805000"/>
    <NAS_UL_EMM_RAW_MSG enabled="1" foreground_color="#ff8080" background_color="#805000"/>
    <NAS_UL_ESM_PLAIN_MSG enabled="1" foreground_color="#ff8080" background_color="#906010"/>
    <NAS_UL_ESM_PROTECTED_MSG enabled="1" foreground_color="#ff8080" background_color="#906010"/>
    <NAS_UL_ESM_RAW_MSG enabled="1" foreground_color="#ff8080" background_color="#906010"/>
    <NAS_UPLINK_DATA_IND enabled="1" foreground_color="#585858" background_color="#ffffff"/>
    <NAS_UPLINK_DATA_REQ enabled="1" foreground_color="#585858" background_color="#ffffff"/>
    <NOTICE_LOG enabled="0" foreground_color="#585858" background_color="#ffffa0"/>
    <S1AP_DEREGISTERED_ENB_IND enabled="1" foreground_color="#585858" background_color="#ffffff"/>
    <S1AP_DEREGISTER_UE_REQ enabled="1" foreground_color="#585858" background_color="#ffffff"/>
    <S1AP_DOWNLINK_NAS_LOG enabled="1" foreground_color="#585858" background_color="#ffffff"/>
    <S1AP_ENB_DEREGISTERED_IND enabled="1" foreground_color="#585858" background_color="#ffffff"/>
    <S1AP_INITIAL_CONTEXT_SETUP_LOG enabled="1" foreground_color="#585858" background_color="#ffffff"/>
    <S1AP_INITIAL_CONTEXT_SETUP_REQ enabled="1" foreground_color="#585858" background_color="#ffffff"/>
    <S1AP_INITIAL_UE_MESSAGE_LOG enabled="1" foreground_color="#585858" background_color="#ffffff"/>
    <S1AP_NAS_NON_DELIVERY_IND_LOG enabled="1" foreground_color="#585858" background_color="#ffffff"/>
    <S1AP_REGISTER_ENB_CNF enabled="1" foreground_color="#585858" background_color="#ffffff"/>
    <S1AP_S1_SETUP_LOG enabled="1" foreground_color="#585858" background_color="#ffffff"/>
    <S1AP_UE_CAPABILITIES_IND enabled="1" foreground_color="#585858" background_color="#cbffb1"/>
    <S1AP_UE_CAPABILITY_IND_LOG enabled="1" foreground_color="#585858" background_color="#ffffff"/>
    <S1AP_UE_CONTEXT_RELEASE_COMMAND enabled="1" foreground_color="#585858" background_color="#cbffb1"/>
    <S1AP_UE_CONTEXT_RELEASE_COMPLETE enabled="1" foreground_color="#585858" background_color="#cbffb1"/>
    <S1AP_UE_CONTEXT_RELEASE_LOG enabled="1" foreground_color="#585858" background_color="#ffffff"/>
    <S1AP_UE_CONTEXT_RELEASE_REQ enabled="1" foreground_color="#585858" background_color="#ffffff"/>
    <S1AP_UE_CONTEXT_RELEASE_REQ_LOG enabled="1" foreground_color="#585858" background_color="#ffffff"/>
    <S1AP_UPLINK_NAS_LOG enabled="1" foreground_color="#585858" background_color="#ffffff"/>
    <S6A_AUTH_INFO_ANS enabled="1" foreground_color="#585858" background_color="#ffffff"/>
    <S6A_AUTH_INFO_REQ enabled="1" foreground_color="#585858" background_color="#ffffff"/>
    <S6A_UPDATE_LOCATION_ANS enabled="1" foreground_color="#585858" background_color="#ffffff"/>
    <S6A_UPDATE_LOCATION_REQ enabled="1" foreground_color="#585858" background_color="#ffffff"/>
    <SCTP_CLOSE_ASSOCIATION enabled="1" foreground_color="#585858" background_color="#ffffff"/>
    <SCTP_DATA_IND enabled="1" foreground_color="#585858" background_color="#aefeff"/>
    <SCTP_DATA_REQ enabled="1" foreground_color="#000000" background_color="#aefeff"/>
    <SCTP_INIT_MSG enabled="1" foreground_color="#585858" background_color="#ffffff"/>
    <SCTP_NEW_ASSOCIATION enabled="1" foreground_color="#585858" background_color="#ffffff"/>
    <SCTP_NEW_ASSOCIATION_IND enabled="1" foreground_color="#585858" background_color="#ffffff"/>
    <SCTP_NEW_ASSOCIATION_REQ enabled="1" foreground_color="#000000" background_color="#aefeff"/>
    <SCTP_NEW_ASSOCIATION_RESP enabled="1" foreground_color="#585858" background_color="#ffffff"/>
    <SGI_CREATE_ENDPOINT_REQUEST enabled="1" foreground_color="#585858" background_color="#ffffff"/>
    <SGI_CREATE_ENDPOINT_RESPONSE enabled="1" foreground_color="#585858" background_color="#ffffff"/>
    <SGI_DELETE_ENDPOINT_REQUEST enabled="1" foreground_color="#585858" background_color="#ffffff"/>
    <SGI_DELETE_ENDPOINT_RESPONSE enabled="1" foreground_color="#585858" background_color="#ffffff"/>
    <SGI_UPDATE_ENDPOINT_REQUEST enabled="1" foreground_color="#585858" background_color="#ffffff"/>
    <SGI_UPDATE_ENDPOINT_RESPONSE enabled="1" foreground_color="#585858" background_color="#ffffff"/>
    <SGW_CREATE_SESSION_REQUEST enabled="1" foreground_color="#585858" background_color="#ffffff"/>
    <SGW_CREATE_SESSION_RESPONSE enabled="1" foreground_color="#585858" background_color="#ffffff"/>
    <SGW_DELETE_SESSION_REQUEST enabled="1" foreground_color="#585858" background_color="#ffffff"/>
    <SGW_DELETE_SESSION_RESPONSE enabled="1" foreground_color="#585858" background_color="#ffffff"/>
    <SGW_MODIFY_BEARER_REQUEST enabled="1" foreground_color="#585858" background_color="#ffffff"/>
    <SGW_MODIFY_BEARER_RESPONSE enabled="1" foreground_color="#585858" background_color="#ffffff"/>
    <SGW_RELEASE_ACCESS_BEARERS_RESPONSE enabled="1" foreground_color="#585858" background_color="#ffffff"/>
    <TERMINATE_MESSAGE enabled="1" foreground_color="#585858" background_color="#ffffff"/>
    <TIMER_HAS_EXPIRED enabled="1" foreground_color="#585858" background_color="#ffffff"/>
    <UDP_DATA_IND enabled="1" foreground_color="#585858" background_color="#ffffff"/>
    <UDP_DATA_REQ enabled="1" foreground_color="#585858" background_color="#ffffff"/>
    <UDP_INIT enabled="1" foreground_color="#585858" background_color="#ffffff"/>
    <WARNING_LOG enabled="1" foreground_color="#303030" background_color="#fff050"/>
  </messages>
  <origin_tasks>
    <TASK_UNKNOWN enabled="1"/>
    <TASK_TIMER enabled="0"/>
    <TASK_GTPV1_U enabled="1"/>
    <TASK_MME_APP enabled="1"/>
    <TASK_NAS_MME enabled="1"/>
    <TASK_S11 enabled="1"/>
    <TASK_S1AP enabled="1"/>
    <TASK_S6A enabled="1"/>
    <TASK_SCTP enabled="1"/>
    <TASK_SPGW_APP enabled="1"/>
    <TASK_UDP enabled="1"/>
  </origin_tasks>
  <destination_tasks>
    <TASK_UNKNOWN enabled="1"/>
    <TASK_TIMER enabled="0"/>
    <TASK_GTPV1_U enabled="1"/>
    <TASK_MME_APP enabled="1"/>
    <TASK_NAS_MME enabled="1"/>
    <TASK_S11 enabled="1"/>
    <TASK_S1AP enabled="1"/>
    <TASK_S6A enabled="1"/>
    <TASK_SCTP enabled="1"/>
    <TASK_SPGW_APP enabled="1"/>
    <TASK_UDP enabled="1"/>
  </destination_tasks>
</filters>
