<!--

 Licensed to the OpenAirInterface (OAI) Software Alliance under one or more
 contributor license agreements.  See the NOTICE file distributed with
 this work for additional information regarding copyright ownership.
 The OpenAirInterface Software Alliance licenses this file to You under
 the OAI Public License, Version 1.1  (the "License"); you may not use this file
 except in compliance with the License.
 You may obtain a copy of the License at

      http://www.openairinterface.org/?page_id=698

 Unless required by applicable law or agreed to in writing, software
 distributed under the License is distributed on an "AS IS" BASIS,
 WITHOUT WARRANTIES OR CONDITIONS OF ANY KIND, either express or implied.
 See the License for the specific language governing permissions and
 limitations under the License.

 For more information about the OpenAirInterface (OAI) Software Alliance:
      contact@openairinterface.org

-->
<testCaseList>
	<htmlTabRef>tracer-test</htmlTabRef>
	<htmlTabName>T-Tracer</htmlTabName>
	<htmlTabIcon>duplicate</htmlTabIcon>
	<TestCaseRequestedList>
 040101
 030100 040300 040401 040201 030201
	</TestCaseRequestedList>
	<TestCaseExclusionList></TestCaseExclusionList>

	<testCase id="030100">
		<class>Initialize_eNB</class>
		<desc>Initialize eNB (FDD/Band7/5MHz) with T Tracer on</desc>
		<Initialize_eNB_args>-O ci-scripts/conf_files/enb.band7.tm1.25PRB.usrpb210.conf --T_stdout 0</Initialize_eNB_args>
	</testCase>

	<testCase id="030201">
		<class>Terminate_eNB</class>
		<desc>Terminate eNB</desc>
	</testCase>

	<testCase id="040101">
		<class>Initialize_UE</class>
		<desc>Initialize UE</desc>
	</testCase>

	<testCase id="040201">
		<class>Terminate_UE</class>
		<desc>Terminate UE</desc>
	</testCase>

	<testCase id="040300">
		<class>Attach_UE</class>
		<desc>Attach single UE</desc>
		<nbMaxUEtoAttach>1</nbMaxUEtoAttach>
	</testCase>

	<testCase id="040401">
		<class>Detach_UE</class>
		<desc>Detach UE</desc>
	</testCase>

</testCaseList>
