<!--

 Licensed to the OpenAirInterface (OAI) Software Alliance under one or more
 contributor license agreements.  See the NOTICE file distributed with
 this work for additional information regarding copyright ownership.
 The OpenAirInterface Software Alliance licenses this file to You under
 the OAI Public License, Version 1.1  (the "License"); you may not use this file
 except in compliance with the License.
 You may obtain a copy of the License at

      http://www.openairinterface.org/?page_id=698

 Unless required by applicable law or agreed to in writing, software
 distributed under the License is distributed on an "AS IS" BASIS,
 WITHOUT WARRANTIES OR CONDITIONS OF ANY KIND, either express or implied.
 See the License for the specific language governing permissions and
 limitations under the License.

 For more information about the OpenAirInterface (OAI) Software Alliance:
      contact@openairinterface.org

-->
<testCaseList>
	<htmlTabRef>build-tab</htmlTabRef>
	<htmlTabName>Build</htmlTabName>
	<htmlTabIcon>wrench</htmlTabIcon>
	<TestCaseRequestedList>
 010101 010102 010103
 000101 000102 000103
	</TestCaseRequestedList>
	<TestCaseExclusionList></TestCaseExclusionList>

	<testCase id="010101">
		<class>Build_eNB</class>
		<desc>Build RCC</desc>
		<Build_eNB_args>-w USRP -c --eNB</Build_eNB_args>
		<eNB_instance>0</eNB_instance>
		<eNB_serverId>0</eNB_serverId>
		<backgroundBuild>True</backgroundBuild>
	</testCase>

	<testCase id="000101">
		<class>WaitEndBuild_eNB</class>
		<desc>Wait for end of Build RCC</desc>
		<Build_eNB_args>-w USRP -c --eNB</Build_eNB_args>
		<eNB_instance>0</eNB_instance>
		<eNB_serverId>0</eNB_serverId>
	</testCase>

	<testCase id="010102">
		<class>Build_eNB</class>
		<desc>Build Master RRU</desc>
		<Build_eNB_args>-w USRP -c --eNB</Build_eNB_args>
		<eNB_instance>1</eNB_instance>
		<eNB_serverId>1</eNB_serverId>
		<backgroundBuild>True</backgroundBuild>
	</testCase>

	<testCase id="000102">
		<class>WaitEndBuild_eNB</class>
		<desc>Wait for end of Build Master RRU</desc>
		<Build_eNB_args>-w USRP -c --eNB</Build_eNB_args>
		<eNB_instance>1</eNB_instance>
		<eNB_serverId>1</eNB_serverId>
	</testCase>

	<testCase id="010103">
		<class>Build_eNB</class>
		<desc>Build Slave RRU</desc>
		<Build_eNB_args>-w USRP -c --eNB</Build_eNB_args>
		<eNB_instance>2</eNB_instance>
		<eNB_serverId>2</eNB_serverId>
		<backgroundBuild>True</backgroundBuild>
	</testCase>

	<testCase id="000103">
		<class>WaitEndBuild_eNB</class>
		<desc>Wait for end of Build Slave RRU</desc>
		<Build_eNB_args>-w USRP -c --eNB</Build_eNB_args>
		<eNB_instance>2</eNB_instance>
		<eNB_serverId>2</eNB_serverId>
	</testCase>

</testCaseList>
